aloha,OR,WASHINGTON
anson county,NC,anson
archdale,NC,guilford
archdale,NC,guilford
ashe county,NC,ashe
ashwaubenon,WI,brown
barrow county,GA,barrow
barton,MS,marshall
berrien county,MI,berrien
bexar county,TX,bexar
bloomfield township,MI,oakand
bloomington,MN,HENNEPIN
boyle heights,CA,los angeles
braxton county,WV,braxton
brick township,NJ,ocean
brooksville,AL,blount
burien,WA,king
byng,OK,Pontotoc
byram,NJ,sussex
byram township,NJ,sussex
canaan township,PA,wayne
cañon city,CO,fremont
carollwood,FL,Hillsborough
cato township,MI,Montcalm
chamblee,GA,DeKalb 
chapeno,TX,STARR
cheektowaga,NY,erie
chesterfield county,SC,chesterfield
cheviot,OH,hamilton
clackamas county,OR,clackamas
coal county,OK,coal
cobb county,GA,cobb
college park,GA,fulton
columbia heights,MN,anoka
columbia township,MI,jackson
coney island,NY,king
constantania,NY,oswego
davie,FL,broward
daviess county,KY,daviess
east berstadt,KY,laurel
east los angeles,CA,los angeles
east st louis,IL,saint clair
eaton rapids township,MI,eaton
edinburg,NY,saratoga
ellis county,TX,ellis
elsmere,KY,kenton
evangeline parish,LA,EVANGELINE
falcon heights,MN,ramsey
florence,CA,los angeles
fort meade,MD,Anne Arundel
forth worth,TX,tarrant
franklin county,MO,FRANKLIN
fridley,MN,anoka
ft. lauderdale,FL,broward
fuqua,TX,liberty
gardnerville ranchos,NV,douglas
gaston county,NC,gaston
geneva,WI,walworth
germantown,PA,philadelphia
gibson county,TN,gibson
grayson county,VA,grayson
greece,NY,monroe
greenfield,WI,milwaukee
hallandale beach,FL,broward
hamilton,NJ,mercer
hamilton township,NJ,mercer
happy valley,CA,el dorado
henderson county,TX,henderson
highgrove,CA,riverside
hog valley,FL,marion
holladay,UT,salt lake
hollywood hills,CA,los angeles
homewood,AL,jefferson
hoover,AL,jefferson
ideal beach,NJ,monmouth
iredell county,NC,iredell
irwindale,CA,los angeles
ishpeming township,MI,marquette
jacksonsville,FL,duval
jefferson county,ID,jefferson
jennings,MO,saint louis
joliet,IL,kendall
josephine county,OR,josephine
jurupa valley,CA,riverside
kenai peninsula,AK,kenai peninsula
kentwood,MI,kent
kings county,CA,kings
la paz county,AZ,la paz
lacey township,NJ,ocean
laguna pueblo,NM,laguna pueblo
lake asbury,FL,clay
lake hallie,WI,chippewa
lake charles,LA,Calcasieu
lakeshire,MO,saint louis
lakewood,CO,jefferson
landover,MD,prince georges
lauderhill,FL,broward
lawrence county,AL,lawrence
lee's summit,MO,jackson
leon county,TX,leon
little egg harbor,NJ,ocean
little egg harbor township,NJ,ocean
little havana,FL,Miami-dade
ludlow,KY,kenton
macon county,AL,macon
manatee,FL,manatee
manchester,NJ,ocean
maui,HI,maui
mclemoresville,TN,Carroll
midwest city,OK,oklahoma
mount washington,PA,allegheny
mountain view,CO,jefferson
mt hope,WV,fayette
mt ida,AR,montgomery
mt olive,WV,fayette
mt shasta,CA,Siskiyou 
mt vernon,OH,knox
mt. auburn,OH,hamilton
murray,UT,salt lake
muskogee county,OK,muskogee
ne white,GA,bartow
new hope,MN,HENNEPIN
norman,VA,roanoke
north laredo,TX,webb
north miami,FL,Miami-dade
northglenn,CO,adams
norwood,OK,cherokee
oak grove,OR,Clackamas
oakland park,FL,broward
okmulgee county,OK,okmulgee
old bridge township,NJ,middlesex
opa-locka,FL,Miami-dade
orange county,FL,orange
ouachita parish,LA,ouachita
pacific beach,CA,san diego
paddock lake,WI,kenosha
pajaro,CA,monterey
palmetto bay,FL,Miami-dade
park county,CO,park
parma,OH,cuyahoga
paulding county,GA,paulding
peltzer,SC,anderson
penn township,PA,york
perry township,OH,stark
pinion hills,CA,san bernadino
plymouth,MN,amador
point loma,CA,san diego
port vincent,LA,livingston
pottawatomie county,OK,pottawatomie
powhatan county,VA,powhatan
pueblo of laguna,NM,cibola
queens,NY,queens
queens,NY,queens
raleigh,TN,shelby
rapid valley,SD,pennington
reno,TX,parker
richmond heights,OH,cuyahoga
rockville,GA,putnam
rosemont,IL,cook
roseville,MN,ramsey
rossville,GA,walker
rotterdam,NY,Schenectady 
roxand township,MI,eaton
rudioso,NM,lincoln
saginaw,TX,tarrant
saint martin,MS,jackson
san bernadino,CA,san bernadino
san diego county,CA,san diego
sand city,CA,monterey
santa nella,CA,merced
santa nella village,CA,merced
shawnee national forest,IL,pope
slidell,LA,saint tammany
siskiyou county,CA,siskiyou
smyrna,ME,Aroostook
south greensburg,PA,westmoreland
south los angeles,CA,los angeles
spenard,AK,anchorage
sportsmen acres,OK,mayes
st augustine,FL,saint johns
st clair shores,MI,macomb
st joseph,MI,saint joseph
st louis,MO,saint louis city
st martin,MS,jackson
st martinville,LA,saint martin
st paul,MN,ramsey
st petersburg,FL,pinellas
straban township,PA,adams
sugar creek,MO,clay
tampa bay,FL,Hillsborough
thurston county,WA,thurston
tuscon,AZ,pima
valinda,CA,san gabriel
waikoloa village,HI,hawaii
wasau,WI,marathon
washington county,AL,WASHINGTON
washington park,IL,saint clair
watsonsville,CA,santa cruz
wauwatosa,WI,milwaukee
weitchpec,CA,humboldt
west goshen,CA,tulare
west knox,TN,knox
west odessa,TX,ector
west sullivan,MO,crawford
whitehaven,TN,Shelby
whitfield county,GA,whitfield
wilhoit,AZ,Yavapai
wilkinsburg,PA,allegheny
winston-salem,NC,forsyth
wood lake,ND,benson
woodbridge township,NJ,middlesex
york county,VA,york
